,dataset,logser
0,Android,0.5680473372781065
1,Apache,0.6666666666666666
2,BGL,0.7447698744769875
3,Hadoop,0.4225352112676056
4,HDFS,0.9285714285714286
5,HealthApp,0.5342465753424657
6,HPC,0.6021505376344086
7,Linux,0.5581395348837209
8,Mac,0.3988603988603989
9,OpenSSH,0.64
10,OpenStack,0.7906976744186046
11,Proxifier,0.875
12,Spark,0.6153846153846154
13,Thunderbird,0.39426523297491034
14,Windows,0.64
15,Zookeeper,0.7346938775510204
16,average,0.6321268103319337
